"","ETH.group","year","sex","births"
"1","BAN","2011","person",12976.2021626051
"2","BLA","2011","person",21228.193193027
"3","BLC","2011","person",6480.56216406484
"4","CHI","2011","person",4437.63176474272
"5","IND","2011","person",26845.9033323012
"6","MIX","2011","person",36891.8566352787
"7","OAS","2011","person",13706.9326865939
"8","OBL","2011","person",3834.17117629013
"9","OTH","2011","person",4708.91232071569
"10","PAK","2011","person",33367.9311046735
"11","WBI","2011","person",505532.995604903
"12","WHO","2011","person",29797.1671032365
"13","BAN","2012","person",12837.4792610157
"14","BLA","2012","person",21081.3729499477
"15","BLC","2012","person",6273.90034474616
"16","CHI","2012","person",4778.23391833872
"17","IND","2012","person",26786.1334779216
"18","MIX","2012","person",36844.9425203955
"19","OAS","2012","person",13609.253572519
"20","OBL","2012","person",3784.76853022044
"21","OTH","2012","person",4752.04649098766
"22","PAK","2012","person",33178.4596221968
"23","WBI","2012","person",494421.090010566
"24","WHO","2012","person",30042.0583244682
"25","BAN","2013","person",12648.1501545883
"26","BLA","2013","person",20862.4327590378
"27","BLC","2013","person",6046.19182037576
"28","CHI","2013","person",5134.34983620278
"29","IND","2013","person",26606.1258886949
"30","MIX","2013","person",36661.6469461181
"31","OAS","2013","person",13485.0324090142
"32","OBL","2013","person",3725.58252086228
"33","OTH","2013","person",4781.10162797431
"34","PAK","2013","person",32884.0297948829
"35","WBI","2013","person",481131.618568165
"36","WHO","2013","person",30171.8240779328
"37","BAN","2014","person",12797.0355652546
"38","BLA","2014","person",21224.9406871731
"39","BLC","2014","person",5977.64595446809
"40","CHI","2014","person",5668.52885128882
"41","IND","2014","person",27164.9037359642
"42","MIX","2014","person",37474.8779853516
"43","OAS","2014","person",13767.6533014329
"44","OBL","2014","person",3771.93445165567
"45","OTH","2014","person",4950.88121238551
"46","PAK","2014","person",33509.3587025353
"47","WBI","2014","person",479757.397385251
"48","WHO","2014","person",31188.7936162289
"49","BAN","2015","person",13021.1838462428
"50","BLA","2015","person",21694.3295859235
"51","BLC","2015","person",5944.88551525137
"52","CHI","2015","person",6239.34519894813
"53","IND","2015","person",27808.8831394369
"54","MIX","2015","person",38466.837995378
"55","OAS","2015","person",14123.6027168834
"56","OBL","2015","person",3843.43675733978
"57","OTH","2015","person",5142.20195457654
"58","PAK","2015","person",34327.6197202179
"59","WBI","2015","person",480684.367221518
"60","WHO","2015","person",32292.7338935497
"61","BAN","2016","person",13278.3835017706
"62","BLA","2016","person",22183.2793000891
"63","BLC","2016","person",5929.07074576258
"64","CHI","2016","person",6798.94805709499
"65","IND","2016","person",28394.544973632
"66","MIX","2016","person",39473.9728530079
"67","OAS","2016","person",14474.413592385
"68","OBL","2016","person",3926.40841074862
"69","OTH","2016","person",5326.51886418703
"70","PAK","2016","person",35209.5527072259
"71","WBI","2016","person",482490.263901196
"72","WHO","2016","person",33280.3956239587
"73","BAN","2017","person",13534.1739640561
"74","BLA","2017","person",22649.3645283947
"75","BLC","2017","person",5910.15334928564
"76","CHI","2017","person",7332.89436514359
"77","IND","2017","person",28893.4747754424
"78","MIX","2017","person",40404.4186043995
"79","OAS","2017","person",14802.0412288395
"80","OBL","2017","person",4011.22561447437
"81","OTH","2017","person",5497.42971151877
"82","PAK","2017","person",36086.7279805208
"83","WBI","2017","person",483440.987217808
"84","WHO","2017","person",34143.1132988699
"85","BAN","2018","person",13780.6104177783
"86","BLA","2018","person",23085.1329386787
"87","BLC","2018","person",5885.54456723147
"88","CHI","2018","person",7826.76129451636
"89","IND","2018","person",29297.3079246724
"90","MIX","2018","person",41233.8705320679
"91","OAS","2018","person",15098.8271427317
"92","OBL","2018","person",4095.61118268597
"93","OTH","2018","person",5652.74382317847
"94","PAK","2018","person",36942.9263161526
"95","WBI","2018","person",483256.198725342
"96","WHO","2018","person",34871.1660100391
"97","BAN","2019","person",14030.7180645021
"98","BLA","2019","person",23518.7500611476
"99","BLC","2019","person",5861.71593162958
"100","CHI","2019","person",8274.90570018679
"101","IND","2019","person",29636.1576133561
"102","MIX","2019","person",41997.905655028
"103","OAS","2019","person",15375.5290701359
"104","OBL","2019","person",4183.67991247569
"105","OTH","2019","person",5796.92328261044
"106","PAK","2019","person",37812.9396846622
"107","WBI","2019","person",482456.42831656
"108","WHO","2019","person",35495.4039297556
"109","BAN","2020","person",14290.7076979086
"110","BLA","2020","person",23970.2696854102
"111","BLC","2020","person",5840.02122249161
"112","CHI","2020","person",8675.18851390478
"113","IND","2020","person",29935.9302497467
"114","MIX","2020","person",42718.6564876469
"115","OAS","2020","person",15642.6706564209
"116","OBL","2020","person",4277.33439213408
"117","OTH","2020","person",5933.8140307351
"118","PAK","2020","person",38713.71139934
"119","WBI","2020","person",481246.405629341
"120","WHO","2020","person",36045.4131001699
"121","BAN","2021","person",14565.3935080317
"122","BLA","2021","person",24462.5386776246
"123","BLC","2021","person",5823.01705134248
"124","CHI","2021","person",9031.98284434185
"125","IND","2021","person",30227.6472061737
"126","MIX","2021","person",43428.0408970564
"127","OAS","2021","person",15911.5972776946
"128","OBL","2021","person",4379.23590208637
"129","OTH","2021","person",6069.00598786089
"130","PAK","2021","person",39661.9092981414
"131","WBI","2021","person",479913.199464881
"132","WHO","2021","person",36558.5965942072
"133","BAN","2022","person",14837.5521917487
"134","BLA","2022","person",24965.7799471278
"135","BLC","2022","person",5805.2360457755
"136","CHI","2022","person",9336.57527081178
"137","IND","2022","person",30492.8229940028
"138","MIX","2022","person",44092.7908888141
"139","OAS","2022","person",16169.6209628868
"140","OBL","2022","person",4484.36213342719
"141","OTH","2022","person",6198.57755545606
"142","PAK","2022","person",40613.1887347028
"143","WBI","2022","person",478047.656780644
"144","WHO","2022","person",37018.3699002483
"145","BAN","2023","person",15097.3451090395
"146","BLA","2023","person",25462.3179691656
"147","BLC","2023","person",5785.17104550953
"148","CHI","2023","person",9584.5201227065
"149","IND","2023","person",30725.5553704833
"150","MIX","2023","person",44701.2673517249
"151","OAS","2023","person",16411.7918992603
"152","OBL","2023","person",4589.57137087713
"153","OTH","2023","person",6320.72045129813
"154","PAK","2023","person",41550.7909126785
"155","WBI","2023","person",475555.14873676
"156","WHO","2023","person",37417.699510069
"157","BAN","2024","person",15347.0822089808
"158","BLA","2024","person",25958.2774006281
"159","BLC","2024","person",5764.061360095
"160","CHI","2024","person",9779.63923656616
"161","IND","2024","person",30942.4499703784
"162","MIX","2024","person",45276.5404206865
"163","OAS","2024","person",16644.1756668655
"164","OBL","2024","person",4695.12185117694
"165","OTH","2024","person",6438.15787108445
"166","PAK","2024","person",42484.0675061316
"167","WBI","2024","person",472708.050856273
"168","WHO","2024","person",37775.8895833531
"169","BAN","2025","person",15588.9035086563
"170","BLA","2025","person",26445.9094034092
"171","BLC","2025","person",5741.29118032105
"172","CHI","2025","person",9925.01308384039
"173","IND","2025","person",31150.339625014
"174","MIX","2025","person",45828.2572815808
"175","OAS","2025","person",16869.0029575085
"176","OBL","2025","person",4799.15785400955
"177","OTH","2025","person",6551.23359714869
"178","PAK","2025","person",43404.2747520221
"179","WBI","2025","person",469648.942063936
"180","WHO","2025","person",38100.2263356853
"181","BAN","2026","person",15842.0835069302
"182","BLA","2026","person",26954.8552537316
"183","BLC","2026","person",5724.36221754798
"184","CHI","2026","person",10040.4903259264
"185","IND","2026","person",31398.360326126
"186","MIX","2026","person",46424.3987336727
"187","OAS","2026","person",17109.0750243366
"188","OBL","2026","person",4906.92232124145
"189","OTH","2026","person",6668.00676089975
"190","PAK","2026","person",44364.6104073924
"191","WBI","2026","person",467104.459921711
"192","WHO","2026","person",38445.3732372478
"193","BAN","2027","person",16116.8206339615
"194","BLA","2027","person",27493.407697535
"195","BLC","2027","person",5715.89251601764
"196","CHI","2027","person",10138.7131288914
"197","IND","2027","person",31710.008601214
"198","MIX","2027","person",47093.3760158273
"199","OAS","2027","person",17373.5835389656
"200","OBL","2027","person",5019.43724084052
"201","OTH","2027","person",6791.05995737044
"202","PAK","2027","person",45387.6839193343
"203","WBI","2027","person",465357.277947277
"204","WHO","2027","person",38832.5990530955
"205","BAN","2028","person",16399.4530825478
"206","BLA","2028","person",28024.9833172518
"207","BLC","2028","person",5708.74954189958
"208","CHI","2028","person",10215.5258488698
"209","IND","2028","person",32058.2591526899
"210","MIX","2028","person",47783.0172269572
"211","OAS","2028","person",17643.5517503199
"212","OBL","2028","person",5128.21458450569
"213","OTH","2028","person",6911.37367325739
"214","PAK","2028","person",46424.5204899032
"215","WBI","2028","person",463906.93568097
"216","WHO","2028","person",39223.3569325135
"217","BAN","2029","person",16692.9854904807
"218","BLA","2029","person",28550.062195703
"219","BLC","2029","person",5703.31816021045
"220","CHI","2029","person",10277.9561746874
"221","IND","2029","person",32457.0617309374
"222","MIX","2029","person",48497.8278987499
"223","OAS","2029","person",17921.535188292
"224","OBL","2029","person",5231.27878898045
"225","OTH","2029","person",7027.52790229534
"226","PAK","2029","person",47490.6453774006
"227","WBI","2029","person",462860.927147925
"228","WHO","2029","person",39626.7897315908
"229","BAN","2030","person",16998.8434766398
"230","BLA","2030","person",29067.3571254123
"231","BLC","2030","person",5700.31946610614
"232","CHI","2030","person",10329.7025349921
"233","IND","2030","person",32909.0690165733
"234","MIX","2030","person",49229.7814697055
"235","OAS","2030","person",18205.8353991729
"236","OBL","2030","person",5326.08014946472
"237","OTH","2030","person",7136.48339496387
"238","PAK","2030","person",48593.6649771905
"239","WBI","2030","person",462223.117637662
"240","WHO","2030","person",40039.9707669168
"241","BAN","2031","person",17313.2278128671
"242","BLA","2031","person",29567.2653503882
"243","BLC","2031","person",5697.59189450874
"244","CHI","2031","person",10372.545862735
"245","IND","2031","person",33405.6279117368
"246","MIX","2031","person",49954.5131419117
"247","OAS","2031","person",18487.7691521784
"248","OBL","2031","person",5408.55613839542
"249","OTH","2031","person",7233.54268284339
"250","PAK","2031","person",49721.269986797
"251","WBI","2031","person",461843.389842381
"252","WHO","2031","person",40448.7154789095
"253","BAN","2032","person",17641.1566394179
"254","BLA","2032","person",30048.4253281919
"255","BLC","2032","person",5694.77756228724
"256","CHI","2032","person",10413.3460341293
"257","IND","2032","person",33951.6457278898
"258","MIX","2032","person",50670.6714955632
"259","OAS","2032","person",18768.9742763661
"260","OBL","2032","person",5477.47865921283
"261","OTH","2032","person",7317.14742850975
"262","PAK","2032","person",50884.699118243
"263","WBI","2032","person",461772.872325474
"264","WHO","2032","person",40858.6357101163
"265","BAN","2033","person",17975.4225789255
"266","BLA","2033","person",30502.5918374695
"267","BLC","2033","person",5690.60280389927
"268","CHI","2033","person",10453.5364430191
"269","IND","2033","person",34532.9753974387
"270","MIX","2033","person",51352.3775916146
"271","OAS","2033","person",19040.6646517618
"272","OBL","2033","person",5530.25240837217
"273","OTH","2033","person",7382.19614646842
"274","PAK","2033","person",52066.8147445366
"275","WBI","2033","person",461815.735624428
"276","WHO","2033","person",41258.5735626439
"277","BAN","2034","person",18313.2096631644
"278","BLA","2034","person",30929.8892230261
"279","BLC","2034","person",5683.8858488432
"280","CHI","2034","person",10495.9885986701
"281","IND","2034","person",35142.0025758516
"282","MIX","2034","person",51987.8916395303
"283","OAS","2034","person",19299.3120093779
"284","OBL","2034","person",5566.60594294148
"285","OTH","2034","person",7427.02375983224
"286","PAK","2034","person",53258.4123443767
"287","WBI","2034","person",461877.029972978
"288","WHO","2034","person",41648.1324228749
"289","BAN","2035","person",18657.6704015543
"290","BLA","2035","person",31335.086555599
"291","BLC","2035","person",5675.39751276195
"292","CHI","2035","person",10543.4447900678
"293","IND","2035","person",35778.6696249955
"294","MIX","2035","person",52585.5180695322
"295","OAS","2035","person",19548.3336557667
"296","OBL","2035","person",5588.56582752708
"297","OTH","2035","person",7454.43407795292
"298","PAK","2035","person",54465.6839486402
"299","WBI","2035","person",462006.747595472
"300","WHO","2035","person",42037.6086251269
"301","BAN","2036","person",19005.4660623323
"302","BLA","2036","person",31719.8707417199
"303","BLC","2036","person",5665.78512185815
"304","CHI","2036","person",10595.5730800543
"305","IND","2036","person",36435.8354878007
"306","MIX","2036","person",53145.8283360698
"307","OAS","2036","person",19787.8504328235
"308","OBL","2036","person",5597.65722241491
"309","OTH","2036","person",7466.87486576529
"310","PAK","2036","person",55689.0294533026
"311","WBI","2036","person",462167.337564084
"312","WHO","2036","person",42428.9894014392
"313","BAN","2037","person",19354.0387050669
"314","BLA","2037","person",32087.9330191982
"315","BLC","2037","person",5655.70598302453
"316","CHI","2037","person",10651.0030738759
"317","IND","2037","person",37106.020135685
"318","MIX","2037","person",53670.9763162221
"319","OAS","2037","person",20017.9602860509
"320","OBL","2037","person",5596.59102279098
"321","OTH","2037","person",7466.59388457897
"322","PAK","2037","person",56929.8256882499
"323","WBI","2037","person",462308.697899286
"324","WHO","2037","person",42818.6584719091
"325","BAN","2038","person",19704.3259484647
"326","BLA","2038","person",32444.2939165482
"327","BLC","2038","person",5645.42269192015
"328","CHI","2038","person",10711.4558422122
"329","IND","2038","person",37777.9987256603
"330","MIX","2038","person",54166.1388720458
"331","OAS","2038","person",20239.9931184049
"332","OBL","2038","person",5588.6303360251
"333","OTH","2038","person",7456.49846812259
"334","PAK","2038","person",58190.9672342189
"335","WBI","2038","person",462408.144843468
"336","WHO","2038","person",43200.5100958111
"337","BAN","2039","person",20054.9697592878
"338","BLA","2039","person",32789.1549656255
"339","BLC","2039","person",5635.07726249808
"340","CHI","2039","person",10780.4490285104
"341","IND","2039","person",38440.5561890963
"342","MIX","2039","person",54633.7977876036
"343","OAS","2039","person",20453.4256817764
"344","OBL","2039","person",5575.78959112805
"345","OTH","2039","person",7438.68697874931
"346","PAK","2039","person",59468.0454924869
"347","WBI","2039","person",462449.101851231
"348","WHO","2039","person",43567.8060527649
"349","BAN","2040","person",20401.7292223319
"350","BLA","2040","person",33124.0784544482
"351","BLC","2040","person",5625.25674717335
"352","CHI","2040","person",10858.8065369046
"353","IND","2040","person",39085.494902868
"354","MIX","2040","person",55076.9695113267
"355","OAS","2040","person",20658.9882512047
"356","OBL","2040","person",5560.3150989507
"357","OTH","2040","person",7415.2196035936
"358","PAK","2040","person",60753.7703761932
"359","WBI","2040","person",462392.250480303
"360","WHO","2040","person",43916.6075152197
"361","BAN","2041","person",20744.1337297464
"362","BLA","2041","person",33452.6972995535
"363","BLC","2041","person",5616.25393652038
"364","CHI","2041","person",10947.3350494314
"365","IND","2041","person",39707.0326942735
"366","MIX","2041","person",55502.4457598864
"367","OAS","2041","person",20859.3041245042
"368","OBL","2041","person",5544.64856200167
"369","OTH","2041","person",7388.82020561178
"370","PAK","2041","person",62046.597304971
"371","WBI","2041","person",462244.275143971
"372","WHO","2041","person",44252.9572611979
"373","BAN","2042","person",21080.935978794
"374","BLA","2042","person",33773.5091054253
"375","BLC","2042","person",5608.58516651744
"376","CHI","2042","person",11044.2391572095
"377","IND","2042","person",40301.8403942702
"378","MIX","2042","person",55915.8086484959
"379","OAS","2042","person",21055.0207499499
"380","OBL","2042","person",5530.55893408763
"381","OTH","2042","person",7362.02372952882
"382","PAK","2042","person",63344.0890689561
"383","WBI","2042","person",462044.580046118
"384","WHO","2042","person",44577.8506562255
"385","BAN","2043","person",21410.8310738845
"386","BLA","2043","person",34089.8601775809
"387","BLC","2043","person",5602.23515567025
"388","CHI","2043","person",11146.6753232869
"389","IND","2043","person",40868.4415581516
"390","MIX","2043","person",56323.0025656092
"391","OAS","2043","person",21247.050502968
"392","OBL","2043","person",5520.30368956371
"393","OTH","2043","person",7338.22135620663
"394","PAK","2043","person",64651.9601163207
"395","WBI","2043","person",461781.030248921
"396","WHO","2043","person",44888.8387277439
"397","BAN","2044","person",21734.0002991367
"398","BLA","2044","person",34405.4087622979
"399","BLC","2044","person",5597.72233705733
"400","CHI","2044","person",11253.2470610933
"401","IND","2044","person",41405.8791721203
"402","MIX","2044","person",56725.5395070929
"403","OAS","2044","person",21436.1729282696
"404","OBL","2044","person",5514.7851841372
"405","OTH","2044","person",7318.00380535184
"406","PAK","2044","person",65977.3227922216
"407","WBI","2044","person",461437.429187379
"408","WHO","2044","person",45184.5754117795
"409","BAN","2045","person",22051.0249326513
"410","BLA","2045","person",34717.5242749759
"411","BLC","2045","person",5595.26497175508
"412","CHI","2045","person",11361.4153453205
"413","IND","2045","person",41913.4420057052
"414","MIX","2045","person",57122.3615533123
"415","OAS","2045","person",21622.8571932835
"416","OBL","2045","person",5513.72268053098
"417","OTH","2045","person",7300.98951992642
"418","PAK","2045","person",67319.8606703035
"419","WBI","2045","person",461004.342275896
"420","WHO","2045","person",45463.6308338301
"421","BAN","2046","person",22362.9919078737
"422","BLA","2046","person",35024.3172582394
"423","BLC","2046","person",5594.27597092828
"424","CHI","2046","person",11469.2085687758
"425","IND","2046","person",42391.4162868217
"426","MIX","2046","person",57513.5211883359
"427","OAS","2046","person",21807.0933264112
"428","OBL","2046","person",5517.12797671052
"429","OTH","2046","person",7287.64569001278
"430","PAK","2046","person",68679.0110680784
"431","WBI","2046","person",460470.073885575
"432","WHO","2046","person",45727.9230154532
"433","BAN","2047","person",22670.6430342854
"434","BLA","2047","person",35323.7331484437
"435","BLC","2047","person",5594.61058659088
"436","CHI","2047","person",11574.9425744549
"437","IND","2047","person",42842.4872866833
"438","MIX","2047","person",57901.0435970618
"439","OAS","2047","person",21989.5091205549
"440","OBL","2047","person",5524.83935059262
"441","OTH","2047","person",7278.37141481556
"442","PAK","2047","person",70055.4231329389
"443","WBI","2047","person",459870.262476254
"444","WHO","2047","person",45980.1819725422
"445","BAN","2048","person",22974.2132149823
"446","BLA","2048","person",35614.6817601117
"447","BLC","2048","person",5596.55996847238
"448","CHI","2048","person",11676.6435420045
"449","IND","2048","person",43269.2592788781
"450","MIX","2048","person",58289.9890788066
"451","OAS","2048","person",22171.1942505471
"452","OBL","2048","person",5537.59634239113
"453","OTH","2048","person",7274.495319715
"454","PAK","2048","person",71449.6870664607
"455","WBI","2048","person",459238.319974666
"456","WHO","2048","person",46224.0830619609
"457","BAN","2049","person",23274.3180629404
"458","BLA","2049","person",35895.9517533339
"459","BLC","2049","person",5599.85929942038
"460","CHI","2049","person",11772.0289504264
"461","IND","2049","person",43675.0922427806
"462","MIX","2049","person",58680.203175275
"463","OAS","2049","person",22351.7369511965
"464","OBL","2049","person",5554.9845885106
"465","OTH","2049","person",7275.30110742387
"466","PAK","2049","person",72862.9740134693
"467","WBI","2049","person",458594.532674704
"468","WHO","2049","person",46460.3065494424
"469","BAN","2050","person",23570.0017374444
"470","BLA","2050","person",36164.2871489434
"471","BLC","2050","person",5603.98350625962
"472","CHI","2050","person",11858.9838779417
"473","IND","2050","person",44065.3403051872
"474","MIX","2050","person",59069.0683517604
"475","OAS","2050","person",22531.1418901867
"476","OBL","2050","person",5575.74129299802
"477","OTH","2050","person",7279.00093057525
"478","PAK","2050","person",74297.6196152117
"479","WBI","2050","person",457953.073027594
"480","WHO","2050","person",46687.1925941586
"481","BAN","2051","person",23859.8395468415
"482","BLA","2051","person",36417.8158244649
"483","BLC","2051","person",5608.68698110707
"484","CHI","2051","person",11936.569910426
"485","IND","2051","person",44444.6433201941
"486","MIX","2051","person",59455.2670046256
"487","OAS","2051","person",22709.8833711892
"488","OBL","2051","person",5599.07503541677
"489","OTH","2051","person",7284.53945956526
"490","PAK","2051","person",75753.6042768742
"491","WBI","2051","person",457322.78802498
"492","WHO","2051","person",46904.8223536088
"493","BAN","2052","person",24145.5998619476
"494","BLA","2052","person",36650.8444852492
"495","BLC","2052","person",5613.32212214197
"496","CHI","2052","person",12004.4613032761
"497","IND","2052","person",44815.5927252936
"498","MIX","2052","person",59836.052649205
"499","OAS","2052","person",22886.9304619513
"500","OBL","2052","person",5623.89576316508
"501","OTH","2052","person",7290.96843452004
"502","PAK","2052","person",77232.4387831162
"503","WBI","2052","person",456698.456948475
"504","WHO","2052","person",47113.4083099668
"505","BAN","2053","person",24427.6766655818
"506","BLA","2053","person",36857.4041120205
"507","BLC","2053","person",5617.4441309394
"508","CHI","2053","person",12062.376220981
"509","IND","2053","person",45181.0564871567
"510","MIX","2053","person",60211.0701978682
"511","OAS","2053","person",23061.7634531204
"512","OBL","2053","person",5649.81248383859
"513","OTH","2053","person",7298.8740185546
"514","PAK","2053","person",78736.4550272732
"515","WBI","2053","person",456070.284642127
"516","WHO","2053","person",47313.6531216656
"517","BAN","2054","person",24705.6394863273
"518","BLA","2054","person",37038.7527028423
"519","BLC","2054","person",5620.75734430033
"520","CHI","2054","person",12110.139609279
"521","IND","2054","person",45544.1093853668
"522","MIX","2054","person",60580.7986633807
"523","OAS","2054","person",23234.8223815067
"524","OBL","2054","person",5676.30417414126
"525","OTH","2054","person",7308.36579997012
"526","PAK","2054","person",80263.9138042832
"527","WBI","2054","person",455455.640116544
"528","WHO","2054","person",47506.8760672178
"529","BAN","2055","person",24980.0184921529
"530","BLA","2055","person",37192.6692196304
"531","BLC","2055","person",5622.93732470382
"532","CHI","2055","person",12147.6023219285
"533","IND","2055","person",45907.6008345406
"534","MIX","2055","person",60943.2932916233
"535","OAS","2055","person",23405.8143074649
"536","OBL","2055","person",5702.23773274893
"537","OTH","2055","person",7318.08795977062
"538","PAK","2055","person",81813.8276896375
"539","WBI","2055","person",454865.20086309
"540","WHO","2055","person",47692.658325094
"541","BAN","2056","person",25250.6013542301
"542","BLA","2056","person",37318.9227774622
"543","BLC","2056","person",5623.70895747094
"544","CHI","2056","person",12174.5991296315
"545","IND","2056","person",46274.7842607694
"546","MIX","2056","person",61297.1970500943
"547","OAS","2056","person",23574.7740642009
"548","OBL","2056","person",5727.01022510294
"549","OTH","2056","person",7327.18963269735
"550","PAK","2056","person",83389.7879751528
"551","WBI","2056","person",454308.379073858
"552","WHO","2056","person",47869.7083988167
"553","BAN","2057","person",25518.572479782
"554","BLA","2057","person",37418.7298566438
"555","BLC","2057","person",5623.3717280703
"556","CHI","2057","person",12191.4993643402
"557","IND","2057","person",46648.9092860123
"558","MIX","2057","person",61639.7880790884
"559","OAS","2057","person",23740.4749648399
"560","OBL","2057","person",5749.78311048483
"561","OTH","2057","person",7334.31812580131
"562","PAK","2057","person",84994.2201186188
"563","WBI","2057","person",453792.015793656
"564","WHO","2057","person",48035.4910586599
"565","BAN","2058","person",25784.8014196714
"566","BLA","2058","person",37490.7092679263
"567","BLC","2058","person",5622.51844368178
"568","CHI","2058","person",12199.1617007809
"569","IND","2058","person",47032.0089560969
"570","MIX","2058","person",61971.5365596154
"571","OAS","2058","person",23902.6538185237
"572","OBL","2058","person",5770.13760380035
"573","OTH","2058","person",7338.90518172388
"574","PAK","2058","person",86624.7820713175
"575","WBI","2058","person",453334.258455432
"576","WHO","2058","person",48190.8871210473
"577","BAN","2059","person",26048.5781533394
"578","BLA","2059","person",37536.8221704923
"579","BLC","2059","person",5620.79726160013
"580","CHI","2059","person",12198.4490178691
"581","IND","2059","person",47423.3331638864
"582","MIX","2059","person",62293.4540270207
"583","OAS","2059","person",24061.4389312697
"584","OBL","2059","person",5788.12466925721
"585","OTH","2059","person",7341.09481331718
"586","PAK","2059","person",88281.1113382296
"587","WBI","2059","person",452937.180211491
"588","WHO","2059","person",48338.2402053635
"589","BAN","2060","person",26308.2998252988
"590","BLA","2060","person",37557.5512196743
"591","BLC","2060","person",5618.01304253939
"592","CHI","2060","person",12189.8667081993
"593","IND","2060","person",47822.4352544474
"594","MIX","2060","person",62604.3212941425
"595","OAS","2060","person",24215.6960127172
"596","OBL","2060","person",5803.51013853125
"597","OTH","2060","person",7340.53701302352
"598","PAK","2060","person",89963.4454922752
"599","WBI","2060","person",452585.739325677
"600","WHO","2060","person",48478.290596718
"601","BAN","2011","M",6646.3474491392
"602","BLA","2011","M",10872.9770013065
"603","BLC","2011","M",3319.31232793565
"604","CHI","2011","M",2272.933342917
"605","IND","2011","M",13750.3407311786
"606","MIX","2011","M",18895.8290083135
"607","OAS","2011","M",7020.62405898712
"608","OBL","2011","M",1963.84377322177
"609","OTH","2011","M",2411.88192036658
"610","PAK","2011","M",17090.8915414181
"611","WBI","2011","M",258931.534334219
"612","WHO","2011","M",15261.9636382431
"613","BAN","2012","M",6575.29425564221
"614","BLA","2012","M",10797.7763889976
"615","BLC","2012","M",3213.46115218706
"616","CHI","2012","M",2447.38810451495
"617","IND","2012","M",13719.7269033257
"618","MIX","2012","M",18871.7998275197
"619","OAS","2012","M",6970.59329324144
"620","OBL","2012","M",1938.5399788934
"621","OTH","2012","M",2433.97503196929
"622","PAK","2012","M",16993.8451723447
"623","WBI","2012","M",253240.070493217
"624","WHO","2012","M",15387.3957271666
"625","BAN","2013","M",6478.32081088667
"626","BLA","2013","M",10685.6362912145
"627","BLC","2013","M",3096.82995677783
"628","CHI","2013","M",2629.78894049411
"629","IND","2013","M",13627.5278942096
"630","MIX","2013","M",18777.9167284995
"631","OAS","2013","M",6906.96781925118
"632","OBL","2013","M",1908.22519361239
"633","OTH","2013","M",2448.85693140148
"634","PAK","2013","M",16843.0396510376
"635","WBI","2013","M",246433.268047109
"636","WHO","2013","M",15453.8611130875
"637","BAN","2014","M",6554.57919195967
"638","BLA","2014","M",10871.311083674
"639","BLC","2014","M",3061.72109863
"640","CHI","2014","M",2903.39282626988
"641","IND","2014","M",13913.7311818353
"642","MIX","2014","M",19194.4496998143
"643","OAS","2014","M",7051.72486170956
"644","OBL","2014","M",1931.96642645778
"645","OTH","2014","M",2535.8172063438
"646","PAK","2014","M",17163.3300671522
"647","WBI","2014","M",245729.398660738
"648","WHO","2014","M",15974.7479497758
"649","BAN","2015","M",6669.3868480756
"650","BLA","2015","M",11111.729787912
"651","BLC","2015","M",3044.94136147021
"652","CHI","2015","M",3195.76217507099
"653","IND","2015","M",14243.5742909311
"654","MIX","2015","M",19702.5267781204
"655","OAS","2015","M",7234.04041596466
"656","OBL","2015","M",1968.58955863745
"657","OTH","2015","M",2633.81075722213
"658","PAK","2015","M",17582.4393688921
"659","WBI","2015","M",246204.18808907
"660","WHO","2015","M",16540.180774745
"661","BAN","2016","M",6801.12325700447
"662","BLA","2016","M",11362.1674463871
"663","BLC","2016","M",3036.84111368327
"664","CHI","2016","M",3482.38802924378
"665","IND","2016","M",14543.5474255188
"666","MIX","2016","M",20218.3763393455
"667","OAS","2016","M",7413.72403512402
"668","OBL","2016","M",2011.08723477368
"669","OTH","2016","M",2728.21697921775
"670","PAK","2016","M",18034.1611427255
"671","WBI","2016","M",247129.159559149
"672","WHO","2016","M",17046.0562951983
"673","BAN","2017","M",6932.13788402872
"674","BLA","2017","M",11600.8940267387
"675","BLC","2017","M",3027.15171548777
"676","CHI","2017","M",3755.87272361013
"677","IND","2017","M",14799.0968362022
"678","MIX","2017","M",20694.9461144485
"679","OAS","2017","M",7581.53331233243
"680","OBL","2017","M",2054.53019277955
"681","OTH","2017","M",2815.75668150962
"682","PAK","2017","M",18483.4460388033
"683","WBI","2017","M",247616.115404243
"684","WHO","2017","M",17487.936079909
"685","BAN","2018","M",7058.36143349618
"686","BLA","2018","M",11824.0924807866
"687","BLC","2018","M",3014.54721736246
"688","CHI","2018","M",4008.82895572789
"689","IND","2018","M",15005.93820532
"690","MIX","2018","M",21119.7873456933
"691","OAS","2018","M",7733.54560969183
"692","OBL","2018","M",2097.75206918062
"693","OTH","2018","M",2895.3078118719
"694","PAK","2018","M",18921.9866497367
"695","WBI","2018","M",247521.467639809
"696","WHO","2018","M",17860.8411270932
"697","BAN","2019","M",7186.46535011083
"698","BLA","2019","M",12046.1890557098
"699","BLC","2019","M",3002.34230644442
"700","CHI","2019","M",4238.36633424201
"701","IND","2019","M",15179.4953629385
"702","MIX","2019","M",21511.1224086729
"703","OAS","2019","M",7875.2709871428
"704","OBL","2019","M",2142.86044297535
"705","OTH","2019","M",2969.15582767852
"706","PAK","2019","M",19367.6032531196
"707","WBI","2019","M",247111.82913775
"708","WHO","2019","M",18180.572744509
"709","BAN","2020","M",7319.63077209951
"710","BLA","2020","M",12277.4552047223
"711","BLC","2020","M",2991.2303822518
"712","CHI","2020","M",4443.38923882928
"713","IND","2020","M",15333.0374449922
"714","MIX","2020","M",21880.2874692826
"715","OAS","2020","M",8012.09960450827
"716","OBL","2020","M",2190.82981060526
"717","OTH","2020","M",3039.27060110822
"718","PAK","2020","M",19828.9741313693
"719","WBI","2020","M",246492.061419906
"720","WHO","2020","M",18462.2847586236
"721","BAN","2021","M",7460.32350411382
"722","BLA","2021","M",12529.5929812224
"723","BLC","2021","M",2982.52092873639
"724","CHI","2021","M",4626.137554419
"725","IND","2021","M",15482.4534470646
"726","MIX","2021","M",22243.6307033703
"727","OAS","2021","M",8149.84250808746
"728","OBL","2021","M",2243.02326692229
"729","OTH","2021","M",3108.51526207509
"730","PAK","2021","M",20314.6364697797
"731","WBI","2021","M",245809.199725915
"732","WHO","2021","M",18725.1348409354
"733","BAN","2022","M",7599.72185431029
"734","BLA","2022","M",12787.3507046264
"735","BLC","2022","M",2973.4135844216
"736","CHI","2022","M",4782.14830944018
"737","IND","2022","M",15618.2751920502
"738","MIX","2022","M",22584.1124064658
"739","OAS","2022","M",8282.00098099079
"740","OBL","2022","M",2296.86840980417
"741","OTH","2022","M",3174.88118694091
"742","PAK","2022","M",20801.877156799
"743","WBI","2022","M",244853.677863257
"744","WHO","2022","M",18960.628485493
"745","BAN","2023","M",7732.78651926413
"746","BLA","2023","M",13041.6750573775
"747","BLC","2023","M",2963.13638916342
"748","CHI","2023","M",4909.14445309357
"749","IND","2023","M",15737.4795800036
"750","MIX","2023","M",22895.7710825908
"751","OAS","2023","M",8406.03975327965
"752","OBL","2023","M",2350.75606801024
"753","OTH","2023","M",3237.44218237221
"754","PAK","2023","M",21282.112418689
"755","WBI","2023","M",243577.027401755
"756","WHO","2023","M",19165.1631636939
"757","BAN","2024","M",7860.70064362434
"758","BLA","2024","M",13295.7030588583
"759","BLC","2024","M",2952.32411126817
"760","CHI","2024","M",5009.08351141193
"761","IND","2024","M",15848.5719360475
"762","MIX","2024","M",23190.4231423029
"763","OAS","2024","M",8525.06558546771
"764","OBL","2024","M",2404.81850913941
"765","OTH","2024","M",3297.5930559213
"766","PAK","2024","M",21760.1321372869
"767","WBI","2024","M",242118.757755652
"768","WHO","2024","M",19348.6263719613
"769","BAN","2025","M",7984.560333702
"770","BLA","2025","M",13545.4657919901
"771","BLC","2025","M",2940.661336262
"772","CHI","2025","M",5083.54328684508
"773","IND","2025","M",15955.052003056
"774","MIX","2025","M",23473.0098271511
"775","OAS","2025","M",8640.22102701655
"776","OBL","2025","M",2458.10524229757
"777","OTH","2025","M",3355.5098912225
"778","PAK","2025","M",22231.4577998162
"779","WBI","2025","M",240551.897154699
"780","WHO","2025","M",19514.7500743754
"781","BAN","2026","M",8114.23789379352
"782","BLA","2026","M",13806.1453738625
"783","BLC","2026","M",2931.99040410994
"784","CHI","2026","M",5142.69016693791
"785","IND","2026","M",16082.0869963084
"786","MIX","2026","M",23778.3505709055
"787","OAS","2026","M",8763.18476856265
"788","OBL","2026","M",2513.30167673343
"789","OTH","2026","M",3415.3205360706
"790","PAK","2026","M",22723.3370379327
"791","WBI","2026","M",239248.625813559
"792","WHO","2026","M",19691.5326337123
"793","BAN","2027","M",8254.95691007783
"794","BLA","2027","M",14081.9893084935
"795","BLC","2027","M",2927.65226430172
"796","CHI","2027","M",5192.99940748096
"797","IND","2027","M",16241.711722573
"798","MIX","2027","M",24120.9974715213
"799","OAS","2027","M",8898.66473947016
"800","OBL","2027","M",2570.9312696988
"801","OTH","2027","M",3478.3477830434
"802","PAK","2027","M",23247.3503001468
"803","WBI","2027","M",238353.727729093
"804","WHO","2027","M",19889.8678076831
"805","BAN","2028","M",8399.71987154886
"806","BLA","2028","M",14354.2597478607
"807","BLC","2028","M",2923.99366780222
"808","CHI","2028","M",5232.34250795768
"809","IND","2028","M",16420.0839562558
"810","MIX","2028","M",24474.2283357585
"811","OAS","2028","M",9036.94114040773
"812","OBL","2028","M",2626.64649450292
"813","OTH","2028","M",3539.97188142452
"814","PAK","2028","M",23778.4129338529
"815","WBI","2028","M",237610.869495131
"816","WHO","2028","M",20090.012087385
"817","BAN","2029","M",8550.06573902669
"818","BLA","2029","M",14623.202588043
"819","BLC","2029","M",2921.21174059559
"820","CHI","2029","M",5264.31901630329
"821","IND","2029","M",16624.3486914558
"822","MIX","2029","M",24840.3508749695
"823","OAS","2029","M",9179.32290132032
"824","OBL","2029","M",2679.43547728267
"825","OTH","2029","M",3599.46551093176
"826","PAK","2029","M",24324.4769006198
"827","WBI","2029","M",237075.109026986
"828","WHO","2029","M",20296.6483991075
"829","BAN","2030","M",8706.72470754723
"830","BLA","2030","M",14888.1585276502
"831","BLC","2030","M",2919.67582410314
"832","CHI","2030","M",5290.82324963012
"833","IND","2030","M",16855.8646182449
"834","MIX","2030","M",25215.2539235077
"835","OAS","2030","M",9324.94008250322
"836","OBL","2030","M",2727.99227167705
"837","OTH","2030","M",3655.27198278637
"838","PAK","2030","M",24889.4381590488
"839","WBI","2030","M",236748.426107095
"840","WHO","2030","M",20508.2777098842
"841","BAN","2031","M",8867.75083098071
"842","BLA","2031","M",15144.2090819062
"843","BLC","2031","M",2918.27877523619
"844","CHI","2031","M",5312.76739310817
"845","IND","2031","M",17110.1996621091
"846","MIX","2031","M",25586.4579507353
"847","OAS","2031","M",9469.34517550603
"848","OBL","2031","M",2770.23607088546
"849","OTH","2031","M",3704.98527657832
"850","PAK","2031","M",25466.991944457
"851","WBI","2031","M",236553.931382683
"852","WHO","2031","M",20717.6347574902
"853","BAN","2032","M",9035.71437628722
"854","BLA","2032","M",15390.6568754153
"855","BLC","2032","M",2916.83728800078
"856","CHI","2032","M",5333.66504187112
"857","IND","2032","M",17389.8673240411
"858","MIX","2032","M",25953.2707660202
"859","OAS","2032","M",9613.37706838262
"860","OBL","2032","M",2805.53784984072
"861","OTH","2032","M",3747.8072194806
"862","PAK","2032","M",26062.8946703196
"863","WBI","2032","M",236517.812654511
"864","WHO","2032","M",20927.5939003035
"865","BAN","2033","M",9206.92375993747
"866","BLA","2033","M",15623.278746021
"867","BLC","2033","M",2914.69899711914
"868","CHI","2033","M",5354.25037325369
"869","IND","2033","M",17687.6215450296
"870","MIX","2033","M",26302.4373030221
"871","OAS","2033","M",9752.53555334142
"872","OBL","2033","M",2832.56830672721
"873","OTH","2033","M",3781.12485550822
"874","PAK","2033","M",26668.3685276895
"875","WBI","2033","M",236539.767027146
"876","WHO","2033","M",21132.4401174518
"877","BAN","2034","M",9379.93665674275
"878","BLA","2034","M",15842.1383825256
"879","BLC","2034","M",2911.25860550505
"880","CHI","2034","M",5375.99416029443
"881","IND","2034","M",17999.5622949484
"882","MIX","2034","M",26627.944498296
"883","OAS","2034","M",9885.01346821796
"884","OBL","2034","M",2851.18840979929
"885","OTH","2034","M",3804.08534040188
"886","PAK","2034","M",27278.6990056564
"887","WBI","2034","M",236571.161693477
"888","WHO","2034","M",21331.9702653749
"889","BAN","2035","M",9556.36776664976
"890","BLA","2035","M",16049.678479697
"891","BLC","2035","M",2906.91092117076
"892","CHI","2035","M",5400.30099003475
"893","IND","2035","M",18325.6600518269
"894","MIX","2035","M",26934.0458404921
"895","OAS","2035","M",10012.5611407585
"896","OBL","2035","M",2862.43615556265
"897","OTH","2035","M",3818.12477163442
"898","PAK","2035","M",27897.0576322303
"899","WBI","2035","M",236637.602426949
"900","WHO","2035","M",21531.4580762845
"901","BAN","2036","M",9734.50700753603
"902","BLA","2036","M",16246.7630628321
"903","BLC","2036","M",2901.98750143954
"904","CHI","2036","M",5427.0008458815
"905","IND","2036","M",18662.2572010687
"906","MIX","2036","M",27221.0340257918
"907","OAS","2036","M",10135.2404655925
"908","OBL","2036","M",2867.09272367593
"909","OTH","2036","M",3824.49688246515
"910","PAK","2036","M",28523.6492321794
"911","WBI","2036","M",236719.855825506
"912","WHO","2036","M",21731.9214007371
"913","BAN","2037","M",9913.04421479039
"914","BLA","2037","M",16435.2827659308
"915","BLC","2037","M",2896.82501569549
"916","CHI","2037","M",5455.39181832669
"917","IND","2037","M",19005.5225085216
"918","MIX","2037","M",27490.0122595284
"919","OAS","2037","M",10253.1016099285
"920","OBL","2037","M",2866.54662142953
"921","OTH","2037","M",3824.35296527216
"922","PAK","2037","M",29159.1790110548
"923","WBI","2037","M",236792.259899634
"924","WHO","2037","M",21931.5079978071
"925","BAN","2038","M",10092.4596321405
"926","BLA","2038","M",16617.8090792076
"927","BLC","2038","M",2891.55796415422
"928","CHI","2038","M",5486.35543137699
"929","IND","2038","M",19349.7066643626
"930","MIX","2038","M",27743.6321051942
"931","OAS","2038","M",10366.8257435732
"932","OBL","2038","M",2862.46919650066
"933","OTH","2038","M",3819.18214220913
"934","PAK","2038","M",29805.1295589902
"935","WBI","2038","M",236843.196139337
"936","WHO","2038","M",22127.0905368789
"937","BAN","2039","M",10272.0576815864
"938","BLA","2039","M",16794.445226296
"939","BLC","2039","M",2886.25908566975
"940","CHI","2039","M",5521.69340484681
"941","IND","2039","M",19689.0653651469
"942","MIX","2039","M",27983.1647204799
"943","OAS","2039","M",10476.1448613977
"944","OBL","2039","M",2855.89222960217
"945","OTH","2039","M",3810.05918423745
"946","PAK","2039","M",30459.242813225
"947","WBI","2039","M",236864.174118923
"948","WHO","2039","M",22315.217734343
"949","BAN","2040","M",10449.666187048
"950","BLA","2040","M",16965.9914034979
"951","BLC","2040","M",2881.22906562538
"952","CHI","2040","M",5561.82773841457
"953","IND","2040","M",20019.3998282983
"954","MIX","2040","M",28210.1551155576
"955","OAS","2040","M",10581.4330067146
"956","OBL","2040","M",2847.96627019426
"957","OTH","2040","M",3798.0393091577
"958","PAK","2040","M",31117.7848268306
"959","WBI","2040","M",236835.055124058
"960","WHO","2040","M",22493.8721419418
"961","BAN","2041","M",10625.0441054799
"962","BLA","2041","M",17134.3083729421
"963","BLC","2041","M",2876.61786992507
"964","CHI","2041","M",5607.17161068439
"965","IND","2041","M",20337.7484531645
"966","MIX","2041","M",28428.081974576
"967","OAS","2041","M",10684.033819868
"968","OBL","2041","M",2839.9419463911
"969","OTH","2041","M",3784.51766628896
"970","PAK","2041","M",31779.9644732778
"971","WBI","2041","M",236759.262878619
"972","WHO","2041","M",22666.1488411014
"973","BAN","2042","M",10797.5525745042
"974","BLA","2042","M",17298.6266149739
"975","BLC","2042","M",2872.6899633382
"976","CHI","2042","M",5656.80542198535
"977","IND","2042","M",20642.4060556018
"978","MIX","2042","M",28639.8044297174
"979","OAS","2042","M",10784.278920706
"980","OBL","2042","M",2832.72530770342
"981","OTH","2042","M",3770.79264195379
"982","PAK","2042","M",32444.5334255629
"983","WBI","2042","M",236656.980023622
"984","WHO","2042","M",22832.5576531887
"985","BAN","2043","M",10966.5232329652
"986","BLA","2043","M",17460.6600909561
"987","BLC","2043","M",2869.43751875793
"988","CHI","2043","M",5709.27272656159
"989","IND","2043","M",20932.6164078338
"990","MIX","2043","M",28848.367167751
"991","OAS","2043","M",10882.6356234714
"992","OBL","2043","M",2827.47262148385
"993","OTH","2043","M",3758.6011824473
"994","PAK","2043","M",33114.4185961642
"995","WBI","2043","M",236521.991103106
"996","WHO","2043","M",22991.8442264054
"997","BAN","2044","M",11132.0489337042
"998","BLA","2044","M",17622.2825367868
"999","BLC","2044","M",2867.12607507814
"1000","CHI","2044","M",5763.8582508039
"1001","IND","2044","M",21207.8893320616
"1002","MIX","2044","M",29054.5446255842
"1003","OAS","2044","M",10979.5032071625
"1004","OBL","2044","M",2824.64606992393
"1005","OTH","2044","M",3748.24585152167
"1006","PAK","2044","M",33793.2628935769
"1007","WBI","2044","M",236346.000315487
"1008","WHO","2044","M",23143.3191133505
"1009","BAN","2045","M",11294.4274045287
"1010","BLA","2045","M",17782.1465798657
"1011","BLC","2045","M",2865.86742455748
"1012","CHI","2045","M",5819.26151833489
"1013","IND","2045","M",21467.8605395076
"1014","MIX","2045","M",29257.7949419404
"1015","OAS","2045","M",11075.1219770477
"1016","OBL","2045","M",2824.10186075977
"1017","OTH","2045","M",3739.53121752329
"1018","PAK","2045","M",34480.9042457652
"1019","WBI","2045","M",236124.175312044
"1020","WHO","2045","M",23286.2499392789
"1021","BAN","2046","M",11454.2153674475
"1022","BLA","2046","M",17939.2844493421
"1023","BLC","2046","M",2865.36086315839
"1024","CHI","2046","M",5874.47268156809
"1025","IND","2046","M",21712.6766347136
"1026","MIX","2046","M",29458.1449989037
"1027","OAS","2046","M",11169.4868257228
"1028","OBL","2046","M",2825.84603685173
"1029","OTH","2046","M",3732.69657293337
"1030","PAK","2046","M",35177.0544495036
"1031","WBI","2046","M",235850.525648709
"1032","WHO","2046","M",23421.619105476
"1033","BAN","2047","M",11611.7927736584
"1034","BLA","2047","M",18092.6438077394
"1035","BLC","2047","M",2865.5322516685
"1036","CHI","2047","M",5928.62912350128
"1037","IND","2047","M",21943.7130004963
"1038","MIX","2047","M",29656.6320862999
"1039","OAS","2047","M",11262.91930565
"1040","OBL","2047","M",2829.79576493768
"1041","OTH","2047","M",3727.94633441772
"1042","PAK","2047","M",35882.0459949199
"1043","WBI","2047","M",235543.305170764
"1044","WHO","2047","M",23550.8249127655
"1045","BAN","2048","M",11767.2799393812
"1046","BLA","2048","M",18241.6662673743
"1047","BLC","2048","M",2866.53071555902
"1048","CHI","2048","M",5980.71986297791
"1049","IND","2048","M",22162.3035330839
"1050","MIX","2048","M",29855.8480647546
"1051","OAS","2048","M",11355.9775429632
"1052","OBL","2048","M",2836.32983390765
"1053","OTH","2048","M",3725.961017415
"1054","PAK","2048","M",36596.1811803823
"1055","WBI","2048","M",235219.627304097
"1056","WHO","2048","M",23675.7498610043
"1057","BAN","2049","M",11920.9921785792
"1058","BLA","2049","M",18385.7313858539
"1059","BLC","2049","M",2868.22061677629
"1060","CHI","2049","M",6029.57580387692
"1061","IND","2049","M",22370.1691975218
"1062","MIX","2049","M",30055.7138214823
"1063","OAS","2049","M",11448.4506335397
"1064","OBL","2049","M",2845.23600874933
"1065","OTH","2049","M",3726.37373794881
"1066","PAK","2049","M",37320.0598605575
"1067","WBI","2049","M",234889.882589482
"1068","WHO","2049","M",23796.7423789827
"1069","BAN","2050","M",12072.4399143008
"1070","BLA","2050","M",18523.171466532
"1071","BLC","2050","M",2870.33301540127
"1072","CHI","2050","M",6074.11369357988
"1073","IND","2050","M",22570.0523514374
"1074","MIX","2050","M",30254.8886679749
"1075","OAS","2050","M",11540.3409681444
"1076","OBL","2050","M",2855.86749153557
"1077","OTH","2050","M",3728.26876931903
"1078","PAK","2050","M",38054.8783394987
"1079","WBI","2050","M",234561.330087304
"1080","WHO","2050","M",23912.9523043252
"1081","BAN","2051","M",12220.893426431
"1082","BLA","2051","M",18653.0276174088
"1083","BLC","2051","M",2872.74211227435
"1084","CHI","2051","M",6113.8528809499
"1085","IND","2051","M",22764.3295054653
"1086","MIX","2051","M",30452.6977340765
"1087","OAS","2051","M",11631.8914828042
"1088","OBL","2051","M",2867.81892057932
"1089","OTH","2051","M",3731.1055768505
"1090","PAK","2051","M",38800.626580838
"1091","WBI","2051","M",234238.501183527
"1092","WHO","2051","M",24024.421205507
"1093","BAN","2052","M",12367.2584658756
"1094","BLA","2052","M",18772.3837607374
"1095","BLC","2052","M",2875.11620890198
"1096","CHI","2052","M",6148.62652119018
"1097","IND","2052","M",22954.3279812479
"1098","MIX","2052","M",30647.7342837391
"1099","OAS","2052","M",11722.5741390482
"1100","OBL","2052","M",2880.53197625529
"1101","OTH","2052","M",3734.39846646148
"1102","PAK","2052","M",39558.0784011083
"1103","WBI","2052","M",233918.721851658
"1104","WHO","2052","M",24131.257914861
"1105","BAN","2053","M",12511.7368287126
"1106","BLA","2053","M",18878.1825939617
"1107","BLC","2053","M",2877.22748170067
"1108","CHI","2053","M",6178.29025952684
"1109","IND","2053","M",23141.5167373242
"1110","MIX","2053","M",30839.8164428106
"1111","OAS","2053","M",11812.1227442812
"1112","OBL","2053","M",2893.80639416123
"1113","OTH","2053","M",3738.44766804016
"1114","PAK","2053","M",40328.4281847009
"1115","WBI","2053","M",233596.975060602
"1116","WHO","2053","M",24233.8223306092
"1117","BAN","2054","M",12654.1080295823
"1118","BLA","2054","M",18971.0684575534
"1119","BLC","2054","M",2878.92449342212
"1120","CHI","2054","M",6202.75443402094
"1121","IND","2054","M",23327.4706607976
"1122","MIX","2054","M",31029.1895592925
"1123","OAS","2054","M",11900.7626832108
"1124","OBL","2054","M",2907.3753087065
"1125","OTH","2054","M",3743.30931217982
"1126","PAK","2054","M",41110.785119267
"1127","WBI","2054","M",233282.157132864
"1128","WHO","2054","M",24332.7901807701
"1129","BAN","2055","M",12794.643617932
"1130","BLA","2055","M",19049.90374664
"1131","BLC","2055","M",2880.04106875074
"1132","CHI","2055","M",6221.94265269506
"1133","IND","2055","M",23513.6492079354
"1134","MIX","2055","M",31214.8575396119
"1135","OAS","2055","M",11988.3439135796
"1136","OBL","2055","M",2920.65835092018
"1137","OTH","2055","M",3748.28895500446
"1138","PAK","2055","M",41904.6434507899
"1139","WBI","2055","M",232979.737027436
"1140","WHO","2055","M",24427.9469469994
"1141","BAN","2056","M",12933.2348399715
"1142","BLA","2056","M",19114.5702030904
"1143","BLC","2056","M",2880.43629528999
"1144","CHI","2056","M",6235.77028590884
"1145","IND","2056","M",23701.7187677112
"1146","MIX","2056","M",31396.125318341
"1147","OAS","2056","M",12074.8842767858
"1148","OBL","2056","M",2933.34670066248
"1149","OTH","2056","M",3752.95078747913
"1150","PAK","2056","M",42711.8426214197
"1151","WBI","2056","M",232694.535623196
"1152","WHO","2056","M",24518.6311311012
"1153","BAN","2057","M",13070.488343303
"1154","BLA","2057","M",19165.6909021834
"1155","BLC","2057","M",2880.26356803601
"1156","CHI","2057","M",6244.42650368644
"1157","IND","2057","M",23893.3437806404
"1158","MIX","2057","M",31571.598772216
"1159","OAS","2057","M",12159.7554697961
"1160","OBL","2057","M",2945.01086146784
"1161","OTH","2057","M",3756.60196687384
"1162","PAK","2057","M",43533.6249388047
"1163","WBI","2057","M",232430.056869921
"1164","WHO","2057","M",24603.544200777
"1165","BAN","2058","M",13206.8495076366
"1166","BLA","2058","M",19202.5584055232
"1167","BLC","2058","M",2879.82651993457
"1168","CHI","2058","M",6248.3511150341
"1169","IND","2058","M",24089.5655628789
"1170","MIX","2058","M",31741.5187256566
"1171","OAS","2058","M",12242.8226875365
"1172","OBL","2058","M",2955.43633365384
"1173","OTH","2058","M",3758.9514345415
"1174","PAK","2058","M",44368.7908170163
"1175","WBI","2058","M",232195.595794246
"1176","WHO","2058","M",24683.1373059023
"1177","BAN","2059","M",13341.9546639056
"1178","BLA","2059","M",19226.1772092766
"1179","BLC","2059","M",2878.94493886836
"1180","CHI","2059","M",6247.98608232318
"1181","IND","2059","M",24289.9999132101
"1182","MIX","2059","M",31906.4032821325
"1183","OAS","2059","M",12324.1516477235
"1184","OBL","2059","M",2964.64922083906
"1185","OTH","2059","M",3760.07295316246
"1186","PAK","2059","M",45217.1545878737
"1187","WBI","2059","M",231992.214254666
"1188","WHO","2059","M",24758.6108368935
"1189","BAN","2060","M",13474.9828373482
"1190","BLA","2060","M",19236.7945271502
"1191","BLC","2060","M",2877.518875447
"1192","CHI","2060","M",6243.59026517525
"1193","IND","2060","M",24494.418057156
"1194","MIX","2060","M",32065.6279799266
"1195","OAS","2060","M",12403.1613723673
"1196","OBL","2060","M",2972.52958315015
"1197","OTH","2060","M",3759.78725057302
"1198","PAK","2060","M",46078.8379350678
"1199","WBI","2060","M",231812.207947298
"1200","WHO","2060","M",24830.3439641727
"1201","BAN","2011","F",6329.85471346591
"1202","BLA","2011","F",10355.2161917205
"1203","BLC","2011","F",3161.24983612919
"1204","CHI","2011","F",2164.69842182572
"1205","IND","2011","F",13095.5626011225
"1206","MIX","2011","F",17996.0276269652
"1207","OAS","2011","F",6686.30862760678
"1208","OBL","2011","F",1870.32740306835
"1209","OTH","2011","F",2297.03040034912
"1210","PAK","2011","F",16277.0395632554
"1211","WBI","2011","F",246601.461270684
"1212","WHO","2011","F",14535.2034649934
"1213","BAN","2012","F",6262.18500537354
"1214","BLA","2012","F",10283.5965609501
"1215","BLC","2012","F",3060.4391925591
"1216","CHI","2012","F",2330.84581382377
"1217","IND","2012","F",13066.4065745959
"1218","MIX","2012","F",17973.1426928759
"1219","OAS","2012","F",6638.66027927756
"1220","OBL","2012","F",1846.22855132705
"1221","OTH","2012","F",2318.07145901837
"1222","PAK","2012","F",16184.6144498521
"1223","WBI","2012","F",241181.019517349
"1224","WHO","2012","F",14654.6625973016
"1225","BAN","2013","F",6169.82934370159
"1226","BLA","2013","F",10176.7964678233
"1227","BLC","2013","F",2949.36186359793
"1228","CHI","2013","F",2504.56089570868
"1229","IND","2013","F",12978.5979944853
"1230","MIX","2013","F",17883.7302176186
"1231","OAS","2013","F",6578.06458976303
"1232","OBL","2013","F",1817.35732724989
"1233","OTH","2013","F",2332.24469657284
"1234","PAK","2013","F",16040.9901438453
"1235","WBI","2013","F",234698.350521056
"1236","WHO","2013","F",14717.9629648453
"1237","BAN","2014","F",6242.45637329492
"1238","BLA","2014","F",10353.6296034991
"1239","BLC","2014","F",2915.92485583809
"1240","CHI","2014","F",2765.13602501894
"1241","IND","2014","F",13251.1725541289
"1242","MIX","2014","F",18280.4282855374
"1243","OAS","2014","F",6715.92843972339
"1244","OBL","2014","F",1839.96802519789
"1245","OTH","2014","F",2415.06400604171
"1246","PAK","2014","F",16346.0286353831
"1247","WBI","2014","F",234027.998724512
"1248","WHO","2014","F",15214.0456664531
"1249","BAN","2015","F",6351.79699816724
"1250","BLA","2015","F",10582.5997980115
"1251","BLC","2015","F",2899.94415378115
"1252","CHI","2015","F",3043.58302387713
"1253","IND","2015","F",13565.3088485058
"1254","MIX","2015","F",18764.3112172576
"1255","OAS","2015","F",6889.56230091872
"1256","OBL","2015","F",1874.84719870233
"1257","OTH","2015","F",2508.39119735441
"1258","PAK","2015","F",16745.1803513258
"1259","WBI","2015","F",234480.179132448
"1260","WHO","2015","F",15752.5531188047
"1261","BAN","2016","F",6477.26024476616
"1262","BLA","2016","F",10821.111853702
"1263","BLC","2016","F",2892.22963207931
"1264","CHI","2016","F",3316.56002785121
"1265","IND","2016","F",13850.9975481132
"1266","MIX","2016","F",19255.5965136624
"1267","OAS","2016","F",7060.68955726097
"1268","OBL","2016","F",1915.32117597493
"1269","OTH","2016","F",2598.30188496928
"1270","PAK","2016","F",17175.3915645004
"1271","WBI","2016","F",235361.104342047
"1272","WHO","2016","F",16234.3393287603
"1273","BAN","2017","F",6602.03608002735
"1274","BLA","2017","F",11048.470501656
"1275","BLC","2017","F",2883.00163379787
"1276","CHI","2017","F",3577.02164153346
"1277","IND","2017","F",14094.3779392402
"1278","MIX","2017","F",19709.472489951
"1279","OAS","2017","F",7220.50791650707
"1280","OBL","2017","F",1956.69542169481
"1281","OTH","2017","F",2681.67303000916
"1282","PAK","2017","F",17603.2819417175
"1283","WBI","2017","F",235824.871813565
"1284","WHO","2017","F",16655.1772189609
"1285","BAN","2018","F",6722.24898428208
"1286","BLA","2018","F",11261.040457892
"1287","BLC","2018","F",2870.99734986901
"1288","CHI","2018","F",3817.93233878847
"1289","IND","2018","F",14291.3697193524
"1290","MIX","2018","F",20114.0831863746
"1291","OAS","2018","F",7365.28153303984
"1292","OBL","2018","F",1997.85911350535
"1293","OTH","2018","F",2757.43601130657
"1294","PAK","2018","F",18020.9396664159
"1295","WBI","2018","F",235734.731085533
"1296","WHO","2018","F",17010.3248829459
"1297","BAN","2019","F",6844.25271439127
"1298","BLA","2019","F",11472.5610054379
"1299","BLC","2019","F",2859.37362518516
"1300","CHI","2019","F",4036.53936594477
"1301","IND","2019","F",14456.6622504176
"1302","MIX","2019","F",20486.7832463551
"1303","OAS","2019","F",7500.25808299314
"1304","OBL","2019","F",2040.81946950034
"1305","OTH","2019","F",2827.76745493192
"1306","PAK","2019","F",18445.3364315425
"1307","WBI","2019","F",235344.59917881
"1308","WHO","2019","F",17314.8311852467
"1309","BAN","2020","F",6971.07692580906
"1310","BLA","2020","F",11692.8144806879
"1311","BLC","2020","F",2848.79084023981
"1312","CHI","2020","F",4231.7992750755
"1313","IND","2020","F",14602.8928047545
"1314","MIX","2020","F",20838.3690183644
"1315","OAS","2020","F",7630.57105191264
"1316","OBL","2020","F",2086.50458152882
"1317","OTH","2020","F",2894.54342962688
"1318","PAK","2020","F",18884.7372679707
"1319","WBI","2020","F",234754.344209435
"1320","WHO","2020","F",17583.1283415463
"1321","BAN","2021","F",7105.07000391793
"1322","BLA","2021","F",11932.9456964023
"1323","BLC","2021","F",2840.49612260609
"1324","CHI","2021","F",4405.84528992285
"1325","IND","2021","F",14745.1937591091
"1326","MIX","2021","F",21184.410193686
"1327","OAS","2021","F",7761.7547696071
"1328","OBL","2021","F",2136.21263516408
"1329","OTH","2021","F",2960.4907257858
"1330","PAK","2021","F",19347.2728283617
"1331","WBI","2021","F",234103.999738966
"1332","WHO","2021","F",17833.4617532718
"1333","BAN","2022","F",7237.83033743837
"1334","BLA","2022","F",12178.4292425014
"1335","BLC","2022","F",2831.8224613539
"1336","CHI","2022","F",4554.4269613716
"1337","IND","2022","F",14874.5478019526
"1338","MIX","2022","F",21508.6784823483
"1339","OAS","2022","F",7887.61998189599
"1340","OBL","2022","F",2187.49372362302
"1341","OTH","2022","F",3023.69636851515
"1342","PAK","2022","F",19811.3115779038
"1343","WBI","2022","F",233193.978917387
"1344","WHO","2022","F",18057.7414147553
"1345","BAN","2023","F",7364.55858977536
"1346","BLA","2023","F",12420.6429117881
"1347","BLC","2023","F",2822.03465634611
"1348","CHI","2023","F",4675.37566961293
"1349","IND","2023","F",14988.0757904797
"1350","MIX","2023","F",21805.4962691341
"1351","OAS","2023","F",8005.75214598062
"1352","OBL","2023","F",2238.81530286689
"1353","OTH","2023","F",3083.27826892592
"1354","PAK","2023","F",20268.6784939895
"1355","WBI","2023","F",231978.121335005
"1356","WHO","2023","F",18252.5363463751
"1357","BAN","2024","F",7486.38156535651
"1358","BLA","2024","F",12662.5743417698
"1359","BLC","2024","F",2811.73724882683
"1360","CHI","2024","F",4770.55572515422
"1361","IND","2024","F",15093.8780343309
"1362","MIX","2024","F",22086.1172783837
"1363","OAS","2024","F",8119.11008139782
"1364","OBL","2024","F",2290.30334203753
"1365","OTH","2024","F",3140.56481516315
"1366","PAK","2024","F",20723.9353688447
"1367","WBI","2024","F",230589.293100621
"1368","WHO","2024","F",18427.2632113917
"1369","BAN","2025","F",7604.34317495428
"1370","BLA","2025","F",12900.4436114191
"1371","BLC","2025","F",2800.62984405905
"1372","CHI","2025","F",4841.46979699531
"1373","IND","2025","F",15195.2876219581
"1374","MIX","2025","F",22355.2474544297
"1375","OAS","2025","F",8228.78193049195
"1376","OBL","2025","F",2341.05261171198
"1377","OTH","2025","F",3195.72370592619
"1378","PAK","2025","F",21172.8169522059
"1379","WBI","2025","F",229097.044909237
"1380","WHO","2025","F",18585.4762613099
"1381","BAN","2026","F",7727.84561313669
"1382","BLA","2026","F",13148.7098798691
"1383","BLC","2026","F",2792.37181343804
"1384","CHI","2026","F",4897.80015898849
"1385","IND","2026","F",15316.2733298176
"1386","MIX","2026","F",22646.0481627672
"1387","OAS","2026","F",8345.89025577395
"1388","OBL","2026","F",2393.62064450803
"1389","OTH","2026","F",3252.68622482914
"1390","PAK","2026","F",21641.2733694597
"1391","WBI","2026","F",227855.834108152
"1392","WHO","2026","F",18753.8406035355
"1393","BAN","2027","F",7861.86372388364
"1394","BLA","2027","F",13411.4183890415
"1395","BLC","2027","F",2788.24025171592
"1396","CHI","2027","F",4945.71372141043
"1397","IND","2027","F",15468.296878641
"1398","MIX","2027","F",22972.378544306
"1399","OAS","2027","F",8474.9187994954
"1400","OBL","2027","F",2448.50597114172
"1401","OTH","2027","F",3312.71217432704
"1402","PAK","2027","F",22140.3336191875
"1403","WBI","2027","F",227003.550218184
"1404","WHO","2027","F",18942.7312454125
"1405","BAN","2028","F",7999.73321099892
"1406","BLA","2028","F",13670.7235693911
"1407","BLC","2028","F",2784.75587409735
"1408","CHI","2028","F",4983.18334091208
"1409","IND","2028","F",15638.1751964341
"1410","MIX","2028","F",23308.7888911986
"1411","OAS","2028","F",8606.61060991213
"1412","OBL","2028","F",2501.56809000278
"1413","OTH","2028","F",3371.40179183288
"1414","PAK","2028","F",22646.1075560504
"1415","WBI","2028","F",226296.066185839
"1416","WHO","2028","F",19133.3448451286
"1417","BAN","2029","F",8142.91975145399
"1418","BLA","2029","F",13926.85960766
"1419","BLC","2029","F",2782.10641961485
"1420","CHI","2029","F",5013.63715838409
"1421","IND","2029","F",15832.7130394817
"1422","MIX","2029","F",23657.4770237804
"1423","OAS","2029","F",8742.21228697173
"1424","OBL","2029","F",2551.84331169778
"1425","OTH","2029","F",3428.06239136358
"1426","PAK","2029","F",23166.1684767808
"1427","WBI","2029","F",225785.818120939
"1428","WHO","2029","F",19330.1413324833
"1429","BAN","2030","F",8292.1187690926
"1430","BLA","2030","F",14179.1985977621
"1431","BLC","2030","F",2780.64364200299
"1432","CHI","2030","F",5038.87928536202
"1433","IND","2030","F",16053.2043983284
"1434","MIX","2030","F",24014.5275461978
"1435","OAS","2030","F",8880.89531666973
"1436","OBL","2030","F",2598.08787778767
"1437","OTH","2030","F",3481.2114121775
"1438","PAK","2030","F",23704.2268181417
"1439","WBI","2030","F",225474.691530567
"1440","WHO","2030","F",19531.6930570326
"1441","BAN","2031","F",8445.47698188639
"1442","BLA","2031","F",14423.0562684821
"1443","BLC","2031","F",2779.31311927256
"1444","CHI","2031","F",5059.77846962683
"1445","IND","2031","F",16295.4282496277
"1446","MIX","2031","F",24368.0551911764
"1447","OAS","2031","F",9018.42397667241
"1448","OBL","2031","F",2638.32006750996
"1449","OTH","2031","F",3528.55740626507
"1450","PAK","2031","F",24254.27804234
"1451","WBI","2031","F",225289.458459698
"1452","WHO","2031","F",19731.0807214193
"1453","BAN","2032","F",8605.44226313069
"1454","BLA","2032","F",14657.7684527765
"1455","BLC","2032","F",2777.94027428646
"1456","CHI","2032","F",5079.68099225821
"1457","IND","2032","F",16561.7784038487
"1458","MIX","2032","F",24717.400729543
"1459","OAS","2032","F",9155.59720798344
"1460","OBL","2032","F",2671.94080937211
"1461","OTH","2032","F",3569.34020902915
"1462","PAK","2032","F",24821.8044479234
"1463","WBI","2032","F",225255.059670963
"1464","WHO","2032","F",19931.0418098128
"1465","BAN","2033","F",8768.49881898807
"1466","BLA","2033","F",14879.3130914485
"1467","BLC","2033","F",2775.90380678013
"1468","CHI","2033","F",5099.28606976542
"1469","IND","2033","F",16845.3538524091
"1470","MIX","2033","F",25049.9402885925
"1471","OAS","2033","F",9288.1290984204
"1472","OBL","2033","F",2697.68410164496
"1473","OTH","2033","F",3601.07129096021
"1474","PAK","2033","F",25398.4462168471
"1475","WBI","2033","F",225275.968597282
"1476","WHO","2033","F",20126.1334451922
"1477","BAN","2034","F",8933.27300642167
"1478","BLA","2034","F",15087.7508405006
"1479","BLC","2034","F",2772.62724333815
"1480","CHI","2034","F",5119.99443837564
"1481","IND","2034","F",17142.4402809032
"1482","MIX","2034","F",25359.9471412343
"1483","OAS","2034","F",9414.29854115996
"1484","OBL","2034","F",2715.41753314219
"1485","OTH","2034","F",3622.93841943036
"1486","PAK","2034","F",25979.7133387204
"1487","WBI","2034","F",225305.868279502
"1488","WHO","2034","F",20316.1621574999
"1489","BAN","2035","F",9101.30263490454
"1490","BLA","2035","F",15285.4080759019
"1491","BLC","2035","F",2768.4865915912
"1492","CHI","2035","F",5143.1438000331
"1493","IND","2035","F",17453.0095731685
"1494","MIX","2035","F",25651.4722290401
"1495","OAS","2035","F",9535.77251500814
"1496","OBL","2035","F",2726.12967196443
"1497","OTH","2035","F",3636.3093063185
"1498","PAK","2035","F",26568.6263164099
"1499","WBI","2035","F",225369.145168523
"1500","WHO","2035","F",20506.1505488424
"1501","BAN","2036","F",9270.95905479622
"1502","BLA","2036","F",15473.1076788877
"1503","BLC","2036","F",2763.79762041861
"1504","CHI","2036","F",5168.57223417285
"1505","IND","2036","F",17773.5782867321
"1506","MIX","2036","F",25924.7943102779
"1507","OAS","2036","F",9652.60996723097
"1508","OBL","2036","F",2730.56449873898
"1509","OTH","2036","F",3642.37798330014
"1510","PAK","2036","F",27165.3802211232
"1511","WBI","2036","F",225447.481738577
"1512","WHO","2036","F",20697.068000702
"1513","BAN","2037","F",9440.99449027656
"1514","BLA","2037","F",15652.6502532674
"1515","BLC","2037","F",2758.88096732904
"1516","CHI","2037","F",5195.61125554923
"1517","IND","2037","F",18100.4976271634
"1518","MIX","2037","F",26180.9640566937
"1519","OAS","2037","F",9764.85867612239
"1520","OBL","2037","F",2730.04440136146
"1521","OTH","2037","F",3642.24091930682
"1522","PAK","2037","F",27770.6466771951
"1523","WBI","2037","F",225516.437999652
"1524","WHO","2037","F",20887.150474102
"1525","BAN","2038","F",9611.86631632426
"1526","BLA","2038","F",15826.4848373406
"1527","BLC","2038","F",2753.86472776593
"1528","CHI","2038","F",5225.10041083523
"1529","IND","2038","F",18428.2920612977
"1530","MIX","2038","F",26422.5067668516
"1531","OAS","2038","F",9873.16737483164
"1532","OBL","2038","F",2726.16113952444
"1533","OTH","2038","F",3637.31632591346
"1534","PAK","2038","F",28385.8376752287
"1535","WBI","2038","F",225564.948704131
"1536","WHO","2038","F",21073.4195589322
"1537","BAN","2039","F",9782.91207770138
"1538","BLA","2039","F",15994.7097393295
"1539","BLC","2039","F",2748.81817682833
"1540","CHI","2039","F",5258.75562366363
"1541","IND","2039","F",18751.4908239494
"1542","MIX","2039","F",26650.6330671237
"1543","OAS","2039","F",9977.28082037874
"1544","OBL","2039","F",2719.89736152588
"1545","OTH","2039","F",3628.62779451186
"1546","PAK","2039","F",29008.8026792619
"1547","WBI","2039","F",225584.927732308
"1548","WHO","2039","F",21252.5883184219
"1549","BAN","2040","F",9952.06303528383
"1550","BLA","2040","F",16158.0870509503
"1551","BLC","2040","F",2744.02768154798
"1552","CHI","2040","F",5296.97879849006
"1553","IND","2040","F",19066.0950745698
"1554","MIX","2040","F",26866.8143957691
"1555","OAS","2040","F",10077.5552444901
"1556","OBL","2040","F",2712.34882875644
"1557","OTH","2040","F",3617.1802944359
"1558","PAK","2040","F",29635.9855493625
"1559","WBI","2040","F",225557.195356245
"1560","WHO","2040","F",21422.7353732779
"1561","BAN","2041","F",10119.0896242665
"1562","BLA","2041","F",16318.3889266115
"1563","BLC","2041","F",2739.63606659531
"1564","CHI","2041","F",5340.16343874704
"1565","IND","2041","F",19369.284241109
"1566","MIX","2041","F",27074.3637853104
"1567","OAS","2041","F",10175.2703046362
"1568","OBL","2041","F",2704.70661561057
"1569","OTH","2041","F",3604.30253932282
"1570","PAK","2041","F",30266.6328316932
"1571","WBI","2041","F",225485.012265352
"1572","WHO","2041","F",21586.8084200965
"1573","BAN","2042","F",10283.3834042897
"1574","BLA","2042","F",16474.8824904514
"1575","BLC","2042","F",2735.89520317924
"1576","CHI","2042","F",5387.43373522415
"1577","IND","2042","F",19659.4343386684
"1578","MIX","2042","F",27276.0042187785
"1579","OAS","2042","F",10270.7418292438
"1580","OBL","2042","F",2697.83362638421
"1581","OTH","2042","F",3591.23108757503
"1582","PAK","2042","F",30899.5556433932
"1583","WBI","2042","F",225387.600022497
"1584","WHO","2042","F",21745.2930030368
"1585","BAN","2043","F",10444.3078409193
"1586","BLA","2043","F",16629.2000866248
"1587","BLC","2043","F",2732.79763691232
"1588","CHI","2043","F",5437.40259672532
"1589","IND","2043","F",19935.8251503179
"1590","MIX","2043","F",27474.6353978581
"1591","OAS","2043","F",10364.4148794966
"1592","OBL","2043","F",2692.83106807986
"1593","OTH","2043","F",3579.62017375933
"1594","PAK","2043","F",31537.5415201564
"1595","WBI","2043","F",225259.039145815
"1596","WHO","2043","F",21896.9945013385
"1597","BAN","2044","F",10601.9513654326
"1598","BLA","2044","F",16783.1262255112
"1599","BLC","2044","F",2730.59626197919
"1600","CHI","2044","F",5489.38881028943
"1601","IND","2044","F",20197.9898400587
"1602","MIX","2044","F",27670.9948815087
"1603","OAS","2044","F",10456.6697211071
"1604","OBL","2044","F",2690.13911421327
"1605","OTH","2044","F",3569.75795383017
"1606","PAK","2044","F",32184.0598986447
"1607","WBI","2044","F",225091.428871892
"1608","WHO","2044","F",22041.256298429
"1609","BAN","2045","F",10756.5975281226
"1610","BLA","2045","F",16935.3776951102
"1611","BLC","2045","F",2729.3975471976
"1612","CHI","2045","F",5542.15382698561
"1613","IND","2045","F",20445.5814661977
"1614","MIX","2045","F",27864.5666113718
"1615","OAS","2045","F",10547.7352162359
"1616","OBL","2045","F",2689.62081977121
"1617","OTH","2045","F",3561.45830240313
"1618","PAK","2045","F",32838.9564245383
"1619","WBI","2045","F",224880.166963852
"1620","WHO","2045","F",22177.3808945513
"1621","BAN","2046","F",10908.7765404262
"1622","BLA","2046","F",17085.0328088973
"1623","BLC","2046","F",2728.91510776989
"1624","CHI","2046","F",5594.73588720771
"1625","IND","2046","F",20678.7396521081
"1626","MIX","2046","F",28055.3761894321
"1627","OAS","2046","F",10637.6065006884
"1628","OBL","2046","F",2691.28193985879
"1629","OTH","2046","F",3554.9491170794
"1630","PAK","2046","F",33501.9566185748
"1631","WBI","2046","F",224619.548236866
"1632","WHO","2046","F",22306.3039099772
"1633","BAN","2047","F",11058.850260627
"1634","BLA","2047","F",17231.0893407042
"1635","BLC","2047","F",2729.07833492238
"1636","CHI","2047","F",5646.3134509536
"1637","IND","2047","F",20898.774286187
"1638","MIX","2047","F",28244.4115107618
"1639","OAS","2047","F",10726.5898149048
"1640","OBL","2047","F",2695.04358565494
"1641","OTH","2047","F",3550.42508039783
"1642","PAK","2047","F",34173.377138019
"1643","WBI","2047","F",224326.95730549
"1644","WHO","2047","F",22429.3570597767
"1645","BAN","2048","F",11206.9332756011
"1646","BLA","2048","F",17373.0154927374
"1647","BLC","2048","F",2730.02925291335
"1648","CHI","2048","F",5695.92367902659
"1649","IND","2048","F",21106.9557457942
"1650","MIX","2048","F",28434.141014052
"1651","OAS","2048","F",10815.216707584
"1652","OBL","2048","F",2701.26650848348
"1653","OTH","2048","F",3548.5343023
"1654","PAK","2048","F",34853.5058860784
"1655","WBI","2048","F",224018.692670569
"1656","WHO","2048","F",22548.3332009565
"1657","BAN","2049","F",11353.3258843612
"1658","BLA","2049","F",17510.2203674799
"1659","BLC","2049","F",2731.63868264409
"1660","CHI","2049","F",5742.45314654945
"1661","IND","2049","F",21304.9230452588
"1662","MIX","2049","F",28624.4893537927
"1663","OAS","2049","F",10903.2863176568
"1664","OBL","2049","F",2709.74857976127
"1665","OTH","2049","F",3548.92736947506
"1666","PAK","2049","F",35542.9141529119
"1667","WBI","2049","F",223704.650085221
"1668","WHO","2049","F",22663.5641704597
"1669","BAN","2050","F",11497.5618231436
"1670","BLA","2050","F",17641.1156824114
"1671","BLC","2050","F",2733.65049085835
"1672","CHI","2050","F",5784.87018436179
"1673","IND","2050","F",21495.2879537499
"1674","MIX","2050","F",28814.1796837856
"1675","OAS","2050","F",10990.8009220423
"1676","OBL","2050","F",2719.87380146245
"1677","OTH","2050","F",3550.73216125622
"1678","PAK","2050","F",36242.741275713
"1679","WBI","2050","F",223391.74294029
"1680","WHO","2050","F",22774.2402898335
"1681","BAN","2051","F",11638.9461204105
"1682","BLA","2051","F",17764.788207056
"1683","BLC","2051","F",2735.94486883272
"1684","CHI","2051","F",5822.71702947609
"1685","IND","2051","F",21680.3138147288
"1686","MIX","2051","F",29002.5692705491
"1687","OAS","2051","F",11077.991888385
"1688","OBL","2051","F",2731.25611483745
"1689","OTH","2051","F",3553.43388271476
"1690","PAK","2051","F",36952.9776960362
"1691","WBI","2051","F",223084.286841454
"1692","WHO","2051","F",22880.4011481019
"1693","BAN","2052","F",11778.341396072
"1694","BLA","2052","F",17878.4607245118
"1695","BLC","2052","F",2738.20591323998
"1696","CHI","2052","F",5855.83478208589
"1697","IND","2052","F",21861.2647440456
"1698","MIX","2052","F",29188.3183654658
"1699","OAS","2052","F",11164.3563229031
"1700","OBL","2052","F",2743.3637869098
"1701","OTH","2052","F",3556.56996805856
"1702","PAK","2052","F",37674.3603820079
"1703","WBI","2052","F",222779.735096817
"1704","WHO","2052","F",22982.1503951058
"1705","BAN","2053","F",11915.9398368692
"1706","BLA","2053","F",17979.2215180588
"1707","BLC","2053","F",2740.21664923873
"1708","CHI","2053","F",5884.08596145414
"1709","IND","2053","F",22039.5397498326
"1710","MIX","2053","F",29371.2537550577
"1711","OAS","2053","F",11249.6407088392
"1712","OBL","2053","F",2756.00608967736
"1713","OTH","2053","F",3560.42635051444
"1714","PAK","2053","F",38408.0268425723
"1715","WBI","2053","F",222473.309581525
"1716","WHO","2053","F",23079.8307910564
"1717","BAN","2054","F",12051.531456745
"1718","BLA","2054","F",18067.6842452889
"1719","BLC","2054","F",2741.83285087821
"1720","CHI","2054","F",5907.38517525803
"1721","IND","2054","F",22216.6387245692
"1722","MIX","2054","F",29551.6091040881
"1723","OAS","2054","F",11334.059698296
"1724","OBL","2054","F",2768.92886543476
"1725","OTH","2054","F",3565.0564877903
"1726","PAK","2054","F",39153.1286850162
"1727","WBI","2054","F",222173.48298368
"1728","WHO","2054","F",23174.0858864477
"1729","BAN","2055","F",12185.3748742209
"1730","BLA","2055","F",18142.7654729904
"1731","BLC","2055","F",2742.89625595308
"1732","CHI","2055","F",5925.65966923339
"1733","IND","2055","F",22393.9516266052
"1734","MIX","2055","F",29728.4357520114
"1735","OAS","2055","F",11417.4703938853
"1736","OBL","2055","F",2781.57938182874
"1737","OTH","2055","F",3569.79900476616
"1738","PAK","2055","F",39909.1842388475
"1739","WBI","2055","F",221885.463835654
"1740","WHO","2055","F",23264.7113780947
"1741","BAN","2056","F",12317.3665142586
"1742","BLA","2056","F",18204.3525743718
"1743","BLC","2056","F",2743.27266218094
"1744","CHI","2056","F",5938.82884372271
"1745","IND","2056","F",22573.0654930582
"1746","MIX","2056","F",29901.0717317533
"1747","OAS","2056","F",11499.8897874151
"1748","OBL","2056","F",2793.66352444046
"1749","OTH","2056","F",3574.23884521822
"1750","PAK","2056","F",40677.9453537331
"1751","WBI","2056","F",221613.843450663
"1752","WHO","2056","F",23351.0772677154
"1753","BAN","2057","F",12448.084136479
"1754","BLA","2057","F",18253.0389544604
"1755","BLC","2057","F",2743.10816003429
"1756","CHI","2057","F",5947.07286065375
"1757","IND","2057","F",22755.5655053718
"1758","MIX","2057","F",30068.1893068724
"1759","OAS","2057","F",11580.7194950439
"1760","OBL","2057","F",2804.77224901699
"1761","OTH","2057","F",3577.71615892747
"1762","PAK","2057","F",41460.595179814
"1763","WBI","2057","F",221361.958923734
"1764","WHO","2057","F",23431.9468578829
"1765","BAN","2058","F",12577.9519120349
"1766","BLA","2058","F",18288.1508624031
"1767","BLC","2058","F",2742.69192374721
"1768","CHI","2058","F",5950.81058574676
"1769","IND","2058","F",22942.443393218
"1770","MIX","2058","F",30230.0178339587
"1771","OAS","2058","F",11659.8311309872
"1772","OBL","2058","F",2814.70127014651
"1773","OTH","2058","F",3579.95374718238
"1774","PAK","2058","F",42255.9912543012
"1775","WBI","2058","F",221138.662661186
"1776","WHO","2058","F",23507.749815145
"1777","BAN","2059","F",12706.6234894339
"1778","BLA","2059","F",18310.6449612158
"1779","BLC","2059","F",2741.85232273177
"1780","CHI","2059","F",5950.46293554589
"1781","IND","2059","F",23133.3332506763
"1782","MIX","2059","F",30387.0507448881
"1783","OAS","2059","F",11737.2872835462
"1784","OBL","2059","F",2823.47544841815
"1785","OTH","2059","F",3581.02186015472
"1786","PAK","2059","F",43063.9567503559
"1787","WBI","2059","F",220944.965956825
"1788","WHO","2059","F",23579.62936847
"1789","BAN","2060","F",12833.3169879506
"1790","BLA","2060","F",18320.756692524
"1791","BLC","2060","F",2740.49416709238
"1792","CHI","2060","F",5946.27644302404
"1793","IND","2060","F",23328.0171972914
"1794","MIX","2060","F",30538.6933142158
"1795","OAS","2060","F",11812.5346403498
"1796","OBL","2060","F",2830.9805553811
"1797","OTH","2060","F",3580.7497624505
"1798","PAK","2060","F",43884.6075572074
"1799","WBI","2060","F",220773.531378379
"1800","WHO","2060","F",23647.9466325454
